{
  "FID": -6.224316003056174e-06,
  "LPIPS": 0.0,
  "Landmark_NME": null,
  "Expression_Consistency": 0.9999999918781959,
  "Playback_FPS_avg": 30.0
}